Name,Company,Company ID,Offer URL,Region,Categories,Opening Date,Closing Date,Stage,Rolling,Needs CV,Needs Cover Letter,Company Description,Notes
2027 Non-Investment Summer Intern,Millennium Management,millennium-management,https://campusjobs.mlp.com/careers?location=Hong+Kong%2C+Hong+Kong&pid=755957778831&domain=mlp.com&sort_by=relevance&triggerGoButton=true&triggerGoButton=false&utm_source=Trackr&utm_medium=tracker&utm_campaign=Hong_Kong_Finance_2027,Hong Kong,Buy-Side,2026-08-01,,Unknown,False,True,False,"Millennium Management is a global multi-manager hedge fund founded in 1989, operating a platform of independent investment teams across asset classes and geographies. Headquartered in New York, the firm manages over $60 billion in assets and allocates capital to hundreds of portfolio managers running diverse, often uncorrelated strategies. Millennium is known for its robust risk management, proprietary infrastructure, and intense focus on performance and discipline. The firm operates offices across the US, Europe, and Asia, and competes with other multi-manager funds such as Citadel and Point72. With a highly selective hiring process and rigorous oversight model, Millennium continues to be one of the most sought-after and closely watched firms in the hedge fund industry.",
"Quantitative Researcher Intern, Bachelor",Tower Research Capital,tower-research-capital,https://tower-research.com/open-positions/?gh_jid=8168750&utm_source=Trackr&utm_medium=tracker&utm_campaign=Hong_Kong_Finance_2027&gh_src=Trackr,Hong Kong,Trading and Quant,2026-09-01,,Unknown,False,True,False,"Tower Research Capital is a quantitative trading firm founded in 1998, known for its high-frequency trading and market-making across global financial markets. Headquartered in New York with offices worldwide, Tower develops proprietary algorithms and low-latency systems to trade a wide range of asset classes, including equities, futures, and currencies. The firm employs teams of quantitative researchers, engineers, and traders who collaborate to build data-driven models and trading infrastructure. Tower is a prominent player in the electronic trading ecosystem and competes with other leading quant-driven firms for talent and speed.",
Equity Research Associate Intern (Summer 2027),Fidelity Investments,fidelity,https://jobs.fidelity.com/en/jobs/2132214/equity-research-associate-intern-hong-kong-summer-2027/?source=Trackr&utm_source=Trackr&utm_medium=tracker&utm_campaign=Hong_Kong_Finance_2027,Hong Kong,Asset Management,2026-09-01,2026-09-11,Unknown,False,True,False,"Fidelity Investments is one of the world’s largest asset managers and financial services providers, offering investment management, retirement services, brokerage, and financial planning to individuals, institutions, and advisors. Founded in 1946 and headquartered in Boston, Fidelity manages trillions in client assets across mutual funds, ETFs, and separately managed accounts. The firm is also a major custodian for registered investment advisers (RIAs) and operates one of the largest retail brokerage platforms in the US. Fidelity is known for its strong research capability, investor education tools, and a client-first culture that blends innovation with scale. It has been an early adopter of digital trends including zero-commission trading, fractional shares, and crypto access, while also investing heavily in AI and cloud infrastructure. Fidelity continues to be a dominant force in both institutional and retail investing, driven by long-term thinking and deep operational capacity.",
Quantitative Trading Analyst Intern,DRW,drw,https://job-boards.greenhouse.io/drweng?keyword=intern&departments%5B%5D=74801&departments%5B%5D=28399&utm_source=Trackr&utm_medium=tracker&utm_campaign=Hong_Kong_Finance_2027&gh_src=Trackr&offices%5B%5D=17433,Hong Kong,Trading and Quant,2026-07-13,,Unknown,False,True,False,"DRW is a diversified proprietary trading firm headquartered in Chicago, operating at the intersection of trading, technology, and quantitative research. Founded in 1992, the firm trades across asset classes including fixed income, FX, equities, and digital assets, using both systematic and discretionary strategies. DRW also invests in financial market infrastructure and early-stage technologies through its venture arm. Known for its data-centric and collaborative culture, DRW has built a strong global presence in high-frequency and options trading.",Based in Singapore
Intern - Quantitative Researcher,Aqumon,aqumon,https://www.aqumon.com/en/about/job/quantitative-researcher/?utm_source=Trackr&utm_medium=tracker&utm_campaign=Hong_Kong_Finance_2027,Hong Kong,Trading and Quant,2026-07-16,,Unknown,False,True,False,"Aqumon is a financial technology company that provides automated investment services through its proprietary robo-advisory platform. Founded in 2016 and headquartered in Hong Kong, the firm utilizes quantitative algorithms and big data analytics to offer personalized asset allocation strategies for individual and institutional investors. Aqumon focuses on lowering the barriers to entry for professional wealth management by providing low-cost, data-driven portfolio construction. The company serves clients across the Asia Pacific region and aims to make sophisticated investment management accessible through its digital interface.",
Summer 2027 Analyst Programme,Bank of America,bank-of-america,https://bankcampuscareers.tal.net/vx/lang-en-GB/mobile-0/brand-4/xf-8258fbc45b95/candidate/jobboard/vacancy/1/adv/?f_Item_Opportunity_17059_lk=511387&f_Item_Opportunity_60426_lk=520149&f_Item_Opportunity_60427_lk=520150&utm_source=Trackr&utm_medium=tracker&utm_campaign=Hong_Kong_Finance_2027,Hong Kong,Bulge Bracket,2026-07-01,2026-09-30,Unknown,False,True,False,"Bank of America is one of the largest financial institutions in the world, offering banking, investment, and wealth management services to individuals, businesses, and governments. Headquartered in Charlotte, North Carolina, the bank operates across more than 35 countries and serves tens of millions of clients globally. It has a significant presence in consumer banking, corporate and investment banking, and asset management through its Merrill and Private Bank brands. Bank of America plays a central role in US capital markets and is consistently ranked among the world’s systemically important financial institutions.",
2027 Markets Summer Analyst,Wells Fargo,wells-fargo,https://wd1.myworkdaysite.com/en-US/recruiting/wf/WellsFargoJobs/job/XMLNAME-2027-APAC-Markets-Summer-Analyst---Hong-Kong_R-571605-1?utm_source=Trackr&utm_medium=tracker&utm_campaign=Hong_Kong_Finance_2027,Hong Kong,Middle Market,2026-08-27,2026-10-30,Unknown,False,True,False,"Wells Fargo is one of the largest banks in the United States, offering a full suite of financial services including consumer banking, corporate lending, investment banking, and wealth management. Headquartered in San Francisco, the bank serves millions of retail and commercial customers through its national branch network and digital banking platforms. It has historically been a major player in mortgage lending and small business finance, and continues to evolve through a focus on operational reform, fintech investment, and modernising its customer experience. The firm is rebuilding its brand following regulatory issues, with emphasis on trust, transparency, and inclusion.",
Quantitative Research Analyst Intern,Citadel,citadel,"https://www.citadel.com/careers/open-opportunities?experience-filter=internships&sections-filter=investing,quantitative-research&location-filter=hong-kong&selected-job-sections=388,389,387,390&current_page=1&sort_order=DESC&per_page=10&action=careers_listing_filter",Hong Kong,Buy-Side,2026-05-22,,Unknown,False,False,False,"Citadel is a global financial institution operating one of the world’s largest and most successful hedge funds, alongside a leading market-making business through Citadel Securities. Founded in 1990 by Kenneth Griffin and headquartered in Miami, the firm manages capital across equities, credit, commodities, and global macro strategies. Citadel is known for its research-intensive, data-driven approach and emphasis on risk management. It attracts top talent in quantitative research, software engineering, and investment analysis across its global offices.",
2027 Summer Analyst Program,Jefferies,jefferies,https://jefferies.tal.net/vx/lang-en-GB/mobile-0/appcentre-1/brand-4/user-415213/xf-dbbdc2f262e6/candidate/so/pm/1/pl/2/opp/1814-2027-Summer-Analyst-Program-Investment-Banking-Hong-Kong/en-GB?utm_source=Trackr&utm_medium=tracker&utm_campaign=HK_Finance_2027,Hong Kong,Middle Market,2026-06-17,,Unknown,True,True,True,"Jefferies is a global investment banking and capital markets firm headquartered in New York, offering services in M&A advisory, equity and debt underwriting, research, and trading. The firm is known for its focus on the mid to upper mid-market, serving corporate clients, financial sponsors, and institutional investors across a wide range of industries. Jefferies operates with a full-service model that includes strong sector coverage, global distribution, and a growing footprint in Europe and Asia. It is particularly active in healthcare, industrials, TMT, and consumer, and is regarded as one of the top independent investment banks outside the bulge bracket. Jefferies has also expanded into asset and wealth management, and its flexible, entrepreneurial culture allows it to move quickly in competitive deal environments. With a reputation for high-touch client service and deal execution, it remains a go-to firm for high-growth companies and active sponsors.",
Millennium Investment Internship 2027,Millennium Management,millennium-management,https://campusjobs.mlp.com/careers/job/755954628829?microsite=campus-site,Hong Kong,Buy-Side,2026-02-27,2026-05-27,Unknown,False,True,False,"Millennium Management is a global multi-manager hedge fund founded in 1989, operating a platform of independent investment teams across asset classes and geographies. Headquartered in New York, the firm manages over $60 billion in assets and allocates capital to hundreds of portfolio managers running diverse, often uncorrelated strategies. Millennium is known for its robust risk management, proprietary infrastructure, and intense focus on performance and discipline. The firm operates offices across the US, Europe, and Asia, and competes with other multi-manager funds such as Citadel and Point72. With a highly selective hiring process and rigorous oversight model, Millennium continues to be one of the most sought-after and closely watched firms in the hedge fund industry.",
2027 Summer Analyst,Goldman Sachs,goldman-sachs,https://higher.gs.com/campus?EXPERIENCE_LEVEL=Summer+Analyst&LOCATION=Hong+Kong&page=1&sort=POSTED_DATE&utm_source=Trackr&utm_medium=tracker&utm_campaign=Hong_Kong_Finance_2027,Hong Kong,Bulge Bracket,2026-07-01,,Unknown,False,True,False,"Goldman Sachs is one of the world’s most prestigious investment banks and financial institutions, offering a wide range of services in investment banking, asset management, global markets, consumer banking, and wealth management. Founded in 1869 and headquartered in New York, the firm serves corporations, financial institutions, governments, and individuals globally. Goldman is widely regarded for its M&A advisory, equity and debt underwriting, and institutional trading, and has been involved in many of the largest and most complex financial transactions in history. It also operates Marcus, its consumer banking platform, and has expanded into transaction banking and alternative investments. Known for its elite talent, risk culture, and thought leadership, Goldman Sachs is also increasingly focused on sustainability, digital finance, and private capital markets. It plays a key role in shaping financial innovation and global capital flows.",
2027 Summer Analyst,J.P. Morgan,j-p-morgan,https://jpmc.fa.oraclecloud.com/hcmUI/CandidateExperience/en/sites/CX_1001/jobs?keyword=%22summer+analyst%22&location=Hong+Kong&locationId=300000000289330&locationLevel=country&mode=location&utm_source=Trackr&utm_medium=tracker&utm_campaign=HK_Finance_2027&iis=Trackr&sType=Trackr,Hong Kong,Bulge Bracket,2026-06-01,2026-09-30,Unknown,True,True,False,"J.P. Morgan is the investment banking and wealth management arm of JPMorgan Chase & Co., one of the largest and most influential financial institutions globally. Headquartered in New York, the firm offers services across investment banking, commercial banking, asset and wealth management, and treasury and securities services. It is a market leader in M&A advisory, capital markets, trading, and research, serving corporate clients, financial sponsors, and governments worldwide. J.P. Morgan has a long history of innovation in financial services and is known for its global reach, balance sheet strength, and ability to execute complex, cross-border transactions. The firm plays a central role in capital allocation across public and private markets and continues to invest heavily in technology, digital banking, and sustainability initiatives. With a strong presence in London and across EMEA, it is a key player in European finance as well as global capital markets.",
2027 Summer Internship,Point72,point72,https://job-boards.greenhouse.io/point72/jobs/8491055002?utm_source=Trackr&utm_medium=tracker&utm_campaign=HK_Finance_2027&gh_src=Trackr,Hong Kong,Buy-Side,2026-06-15,,Unknown,False,True,False,"Point72 is a global asset management firm founded by Steven A. Cohen in 2014, following the transition from SAC Capital. Headquartered in Stamford, Connecticut, the firm manages capital across multiple strategies including long/short equity, macro, systematic, and private investments. Its discretionary investing teams operate with autonomy within a multi-manager platform, while its Cubist division focuses on quantitative and algorithmic trading. Point72 also runs a venture capital arm, Point72 Ventures, investing in fintech, healthcare, and enterprise technology. With offices in major financial centres including New York, London, Tokyo, and Singapore, the firm is known for its strong emphasis on data, technology, and talent development, particularly through its structured analyst training programs like the Point72 Academy.",
2027 Summer Analyst Program,Morgan Stanley,morgan-stanley,https://morganstanley.tal.net/vx/lang-en-GB/mobile-0/brand-2/user-5764832/xf-27ae6f5d3480/candidate/jobboard/vacancy/1/adv/?f_Item_Opportunity_17058_lk=133366&f_Item_Opportunity_17048_lk=770&utm_source=Trackr&utm_medium=tracker&utm_campaign=Hong_Kong_Finance_2027,Hong Kong,Bulge Bracket,2026-06-30,,Unknown,False,True,True,"Morgan Stanley is a global financial services firm headquartered in New York, offering investment banking, wealth management, institutional securities, and asset management services. With a strong presence in both the US and international markets, the firm advises clients on mergers and acquisitions, IPOs, debt and equity financing, and strategic investments. Its institutional arm is active in trading, research, and capital markets, while its wealth management division, bolstered by the acquisition of E*TRADE, serves millions of clients globally. Morgan Stanley is widely regarded for its advisory work with corporates and financial sponsors, and it continues to invest in digital platforms, sustainability, and global expansion to maintain its position as one of the world’s top financial institutions.",
2027 Summer Internship Program,Nomura,nomura,https://nomuracampus.tal.net/vx/lang-en-GB/mobile-0/appcentre-ext/brand-4/user-598163/xf-5eab17dcb829/candidate/jobboard/vacancy/1/adv/?f_Item_Opportunity_60426_lk=520149&f_Item_Opportunity_84825_lk=748&ftq=%22hong+kong%22&utm_source=Trackr&utm_medium=tracker&utm_campaign=Hong_Kong_Finance_2027,Hong Kong,Middle Market,2026-07-31,2026-09-30,Unknown,False,True,False,"Nomura is a Japanese multinational financial services group headquartered in Tokyo, with operations in investment banking, asset management, and retail brokerage. The firm serves corporates, governments, and institutional clients globally, offering advisory, capital markets, and trading services. Nomura is a market leader in Asia and maintains a growing presence in EMEA and the Americas, with particular strengths in structured finance, macro trading, and cross-border dealmaking. It also provides a wide range of public and private market investment strategies through Nomura Asset Management. The firm blends domestic scale with international ambition, and is actively investing in digital platforms and sustainability-led finance.",
Summer Financial Analyst 2027 - Financial Restructuring,Houlihan Lokey,houlihan-lokey,https://hl.wd1.myworkdayjobs.com/en-US/Campus/job/Summer-Financial-Analyst-2027---Financial-Restructuring--Hong-Kong_R3488?utm_source=Trackr&utm_medium=tracker&utm_campaign=Hong_Kong_Finance_2027&source=Trackr,Hong Kong,Middle Market,2026-08-19,,Unknown,False,True,False,"Houlihan Lokey is a global investment bank headquartered in Los Angeles, specialising in M&A advisory, capital markets, financial restructuring, and valuation services. The firm is widely recognised for its leading role in middle-market transactions and has consistently ranked as the top global M&A advisor by volume. In restructuring, Houlihan Lokey is a dominant player, often advising both creditors and debtors on high-profile bankruptcies and distressed situations. It also has one of the largest dedicated financial valuation teams globally, supporting litigation, tax, and financial reporting mandates. With offices across North America, Europe, the Middle East, and Asia-Pacific, the firm serves public and private companies, financial sponsors, and government entities. Houlihan Lokey’s sector coverage spans consumer, healthcare, tech, energy, and industrials, and it is particularly known for its rigorous analytics, high-touch advisory model, and long-term client relationships.",
Associate Consultant Internship,Bain & Company,bain-company,https://www.bain.com/careers/work-with-us/internships-programs/associate-consultant-internship/?utm_source=Trackr&utm_medium=tracker&utm_campaign=Hong_Kong_Finance_2027#,Hong Kong,Consulting,2026-07-06,,Unknown,False,True,True,"Bain & Company is a global management consulting firm that advises clients on strategy, operations, technology, and organisational change. Founded in 1973 in Boston, Bain works with businesses, private equity firms, and non-profits to solve high-impact problems and deliver measurable results. The firm is known for its deep client relationships, collaborative style, and experience in scaling growth strategies across sectors such as consumer goods, healthcare, finance, and tech. It operates across more than 60 offices worldwide and regularly ranks among the most desirable employers in consulting.",
2027 - Trader Intern,IMC Trading,imc-trading,https://job-boards.eu.greenhouse.io/imc?offices%5B%5D=4012430101&keyword=intern&utm_source=Trackr&utm_medium=tracker&utm_campaign=Hong_Kong_Finance_2027&gh_src=Trackr,Hong Kong,Trading and Quant,2026-08-12,,Unknown,False,True,False,"IMC Trading is a global market maker and proprietary trading firm based in Amsterdam, with major offices in Chicago, Sydney, and other financial centres. Founded in 1989, the firm uses sophisticated algorithms, low-latency infrastructure, and real-time data to provide liquidity across equities, ETFs, derivatives, and fixed income products on over 100 exchanges worldwide. IMC plays a critical role in financial markets by narrowing bid-ask spreads and ensuring efficient price discovery, competing with firms like Jane Street, Optiver, and Citadel Securities. It operates on a flat organisational structure and places strong emphasis on collaboration between traders, engineers, and quantitative researchers. Known for its rigorous recruitment and data-driven culture, IMC invests heavily in proprietary technology and trading systems, and actively participates in market structure discussions to help shape the future of global trading.",
"Summer Internship Program, Client Service (2027 Start)",AlphaSights,alphasights,https://www.alphasights.com/job/summer-internship-program-client-service-2027-start/?utm_source=Trackr&utm_medium=tracker&utm_campaign=Hong_Kong_Finance_2027,Hong Kong,"Promoted,Miscellaneous",2026-08-30,,Unknown,False,True,False,"AlphaSights is a global professional services firm that connects business leaders and investment professionals with industry experts to support decision-making through primary research. Headquartered in London, with offices in New York, Dubai, Hong Kong, and other major cities, the firm facilitates one-on-one consultations, expert interviews, and custom knowledge sourcing across virtually every industry. AlphaSights works with private equity firms, strategy consultancies, asset managers, and corporate clients, helping them access timely, specialised insights during due diligence, market entry, or strategic planning. It operates under strict compliance frameworks and is known for its fast-paced culture, client focus, and rapidly growing global footprint.",
Algorithm Developer (Quant Researcher) - 2027 Grads,Hudson River Trading,hudson-river-trading,https://job-boards.greenhouse.io/embed/job_board?for=wehrtyou&departments%5B%5D=229066&keyword=algorithm+2027+internship&utm_source=Trackr&utm_medium=tracker&utm_campaign=Hong_Kong_Finance_2027&gh_src=Trackr,Hong Kong,Trading and Quant,2026-07-13,,Unknown,False,True,False,"Hudson River Trading (HRT) is a quantitative trading firm headquartered in New York City, operating across global financial markets using algorithmic strategies and cutting-edge technology. Founded in 2002, HRT combines expertise in mathematics, computer science, and finance to build models that trade equities, derivatives, and other instruments at high speed and large scale. The firm maintains a flat, research-oriented structure and relies on large-scale simulations, real-time data processing, and proprietary infrastructure to execute trades across hundreds of markets. HRT is known for being secretive, highly competitive, and at the forefront of low-latency and high-frequency trading. It competes with other elite quant firms such as Citadel Securities and Jane Street and attracts top technical talent from academia and industry. HRT also invests in infrastructure development, contributing to open-source tools and operating with a long-term mindset in an industry dominated by short-term opportunities.",Based in Singapore
Internship Programme 2027,Standard Chartered,standard-chartered,https://jobs.standardchartered.com/search/?q=hong+kong&locationsearch=&skillsSearch=false&markerViewed=&carouselIndex=&facetFilters=%7B%22cust_csb_careerType%22%3A%5B%22Early+Careers%22%5D%7D&pageNumber=0&utm_source=Trackr&utm_medium=tracker&utm_campaign=Hong_Kong_Finance_2027,Hong Kong,Middle Market,2026-08-17,2026-12-31,Unknown,False,True,False,"Standard Chartered is a British multinational bank with a strong emerging markets focus, operating across Asia, Africa, and the Middle East. Headquartered in London with major operations in Singapore and Hong Kong, the bank offers retail, corporate, and institutional banking services, as well as wealth and trade finance. It is particularly active in cross-border transactions, infrastructure finance, and sustainable finance in high-growth markets. Standard Chartered positions itself as a bridge between developed and developing economies, with a growing emphasis on fintech partnerships, digital platforms, and ESG-aligned lending across its global network.",
2027 Summer Internship,HSBC,hsbc,https://www.hsbc.com/careers/students-and-graduates/find-a-programme?location=hong-kong-sar&page=1&programme-type=internship-programme&utm_source=Trackr&utm_medium=tracker&utm_campaign=Hong_Kong_Finance_2027,Hong Kong,Middle Market,2026-07-06,2026-10-30,Unknown,False,True,False,"HSBC is one of the world’s largest banking and financial services organisations, with operations in more than 60 countries and territories and headquarters in London. Founded in 1865 in Hong Kong and Shanghai, the bank provides services across retail banking, commercial banking, global banking and markets, and wealth management. HSBC is a major player in trade finance, emerging market banking, and cross-border financial services, with a strong focus on Asia, where it generates a large share of its revenue. The bank serves a diverse client base ranging from individuals and SMEs to multinational corporations and sovereign institutions. HSBC has committed to aligning its lending and investment portfolios with net-zero goals by 2050 and is actively involved in sustainable finance, digital banking, and financial inclusion. It continues to restructure its global footprint to focus on growth in Asia while streamlining less profitable operations elsewhere.",
Campus Quantitative Trader (Intern),Jump Trading,jump-trading,https://job-boards.greenhouse.io/embed/job_board?for=jumptrading&offices%5B%5D=74800&keyword=campus+quantitative+intern&utm_source=Trackr&utm_medium=tracker&utm_campaign=Hong_Kong_Finance_2027&gh_src=Trackr,Hong Kong,Trading and Quant,2026-08-24,,Unknown,False,True,False,"Jump Trading is a proprietary trading firm and technology company based in Chicago, known for its expertise in algorithmic and high-frequency trading across global financial markets. Founded in 1999, the firm trades a broad range of asset classes including equities, fixed income, futures, options, and cryptocurrencies, operating on over 100 exchanges worldwide. Jump places a strong emphasis on quantitative research, advanced hardware and software development, and low-latency infrastructure, competing with firms such as DRW, Citadel Securities, and Jane Street. It is also involved in crypto through Jump Crypto, a dedicated division focused on trading, venture investments, and protocol development. The firm is privately held and secretive, known for its flat structure, highly selective hiring, and deep investment in proprietary technology and applied science.",
Quantitative Trading/Research Internship: Summer 2027,Susquehanna International Group,susquehanna-international-group,https://careers.sig.com/jobs?page=1&categories=Interns+%2B+Co-ops&limit=100&locations=Hong+Kong%2C%2CHong+Kong&utm_source=Trackr&utm_medium=tracker&utm_campaign=Hong_Kong_Finance_2027,Hong Kong,Trading and Quant,2026-06-30,,Unknown,False,True,False,"Susquehanna International Group is a global quantitative trading and technology firm based in the US, known for market making, proprietary trading, and quantitative research. The firm trades across asset classes including equities, options, ETFs, and fixed income, using mathematical models and high-frequency trading infrastructure. SIG is also a significant investor in venture capital through Susquehanna Growth Equity. With offices in the US, Europe, and Asia, the firm is noted for its strong internal training programs, flat structure, and heavy emphasis on probability, decision-making, and applied game theory.",
Summer Internship Programme 2027,Barclays,barclays,https://barclays.wd3.myworkdayjobs.com/en-US/External_Career_Site_Barclays/jobs?q=%22summer+internship%22&locations=112c054282011001637824970f090000&utm_source=Trackr&utm_medium=tracker&utm_campaign=Hong_Kong_Finance_2027&source=Trackr,Hong Kong,Bulge Bracket,2026-07-01,2026-12-01,Unknown,False,True,False,"Barclays is a British multinational bank offering retail, corporate, and investment banking services across the UK and globally. With roots dating back to 1690, it has played a central role in the evolution of modern banking. Headquartered in London, the firm is a major player in global capital markets, advising on M&A, underwriting debt and equity, and providing financing solutions. Its retail and commercial divisions serve millions of customers, while its investment bank operates across Europe, the Americas, Asia, and the Middle East.",
2027 Summer Internship,UBS,ubs,https://jobs.ubs.com/TGnewUI/Search/home/HomeWithPreLoad?PageType=JobDetails&partnerid=25008&siteid=5131&utm_source=Trackr&utm_medium=tracker&utm_campaign=Hong_Kong_Finance_2027#keyWordSearch=2027%20summer%20internship&locationSearch=Hong%20Kong%20SAR,Hong Kong,Bulge Bracket,2026-07-03,,Unknown,False,True,False,"UBS is a global financial services firm headquartered in Zurich, offering wealth management, investment banking, asset management, and retail banking. With a particularly strong presence in global wealth management, UBS serves high-net-worth and institutional clients across Europe, the Americas, and Asia-Pacific. The firm also operates a sizeable investment banking division and is active in advisory, capital markets, and equities trading. UBS has placed increased emphasis on sustainable investing, digital innovation, and its integrated client model following its 2023 acquisition of Credit Suisse, reshaping the landscape of European banking.",
2027 Summer Internship - Trading,DV Trading,dv-trading,https://job-boards.greenhouse.io/dvtrading/jobs/4691295005?utm_source=Trackr&utm_medium=tracker&utm_campaign=HK_Finance_2027&gh_src=Trackr,Hong Kong,Trading and Quant,2026-05-04,,Unknown,True,True,False,"DV Trading is a multi-asset proprietary trading firm headquartered in Chicago, with additional offices in Toronto, London, and Singapore. The firm trades in global futures, options, fixed income, FX, and equities using a mix of quantitative models and discretionary execution. It supports its traders with in-house risk systems, technology infrastructure, and proprietary research tools. DV Trading is known for its agility, flat structure, and strong track record in volatile and fragmented markets, including energy and interest rate derivatives.",
Summer Intern (2027),Oliver Wyman,oliver-wyman,https://mmc.wd1.myworkdayjobs.com/MMC/job/Hong-Kong---Taikoo/Oliver-Wyman---Summer-Intern--2027----Hong-Kong_R_359620?utm_source=Trackr&utm_medium=tracker&utm_campaign=Hong_Kong_Finance_2027&source=Trackr,Hong Kong,Consulting,2026-08-04,2026-11-08,Unknown,False,True,True,"Oliver Wyman is a global management consultancy known for its work in strategy, risk management, and transformation across a wide range of industries. Headquartered in New York and part of Marsh McLennan, the firm operates in over 30 countries and serves clients in financial services, healthcare, automotive, retail, energy, and the public sector. Oliver Wyman combines analytical rigour with industry-specific expertise and has a strong presence in areas such as financial regulation, climate risk, operational resilience, and digital transformation. It is also highly active in advising central banks, fintechs, insurers, and institutional investors on market structure, competition, and strategic positioning. The firm is noted for its fast-paced environment and data-driven approach to complex business problems.",CV and cover letter as one document; non-rolling
2027 Summer Internship Programme,Deutsche Bank,deutsche-bank,https://careers.db.com/students-graduates/Search-Programmes/?utm_source=Trackr&utm_medium=tracker&utm_campaign=Hong_Kong_Finance_2027#/graduate/results/?location=80&program=11,Hong Kong,Bulge Bracket,2026-08-13,2026-09-30,Unknown,False,True,False,"Deutsche Bank is Germany’s largest bank and a major player in global financial services, offering investment banking, retail banking, asset management, and corporate finance. Headquartered in Frankfurt and operating in over 50 countries, the bank is particularly active in fixed income, foreign exchange, and structured finance. Recent years have seen a renewed strategic focus on core divisions, cost efficiency, and digitalisation. Deutsche Bank also plays a key role in European capital markets and infrastructure finance, while deepening ESG-related services across business lines.",
Trading Intern,Flow Traders,flow-traders,https://www.flowtraders.com/careers/job-description/8102618?utm_source=Trackr&utm_medium=tracker&utm_campaign=Hong_Kong_Finance_2027,Hong Kong,Trading and Quant,2026-08-07,,Unknown,False,True,True,"Flow Traders is a global electronic trading firm and liquidity provider, headquartered in Amsterdam with offices across Europe, Asia, and the Americas. The firm specialises in high-frequency and algorithmic trading of exchange-traded products (ETPs), derivatives, and fixed income instruments. It acts as a market maker, ensuring continuous pricing and liquidity across thousands of instruments globally. Flow Traders leverages proprietary technology and low-latency infrastructure to execute trades at high speed, often competing with firms like Optiver and IMC. It is also involved in digital asset trading and has expanded into crypto market making. Flow Traders combines quantitative research, data science, and real-time risk management to optimise market efficiency and maintain a strong presence on over 150 trading venues.",
Internship for Trading & Quant Summer 2027,Bastion Trading,bastion-trading,https://bastiontrading.com/careers/apply?utm_source=Trackr&utm_medium=tracker&utm_campaign=HK_Finance_2027,Hong Kong,Trading and Quant,2026-05-01,2026-05-27,Unknown,False,True,False,"Bastion Trading is a proprietary trading firm focused on providing liquidity to global financial markets. They employ a variety of strategies across asset classes, including equities, derivatives, and fixed income. The firm is known for its technology-driven approach, utilizing sophisticated algorithms and quantitative models. Bastion emphasizes risk management and seeks to achieve consistent profitability through market making and arbitrage opportunities.
",
2027 Summer Analyst,PJT Partners,pjt-partners,https://pjtpartners.wd1.myworkdayjobs.com/en-US/Students/job/XMLNAME-2027-Summer-Analyst--Strategic-Advisory---Restructuring--Hong-Kong_R0003501?utm_source=Trackr&utm_medium=tracker&utm_campaign=Hong_Kong_Finance_2027&source=Trackr,Hong Kong,Elite Boutique,2026-08-31,2026-10-18,Unknown,False,True,False,"PJT Partners is a global advisory-focused investment bank, formed as a spin-off from Blackstone in 2015. Headquartered in New York, the firm provides strategic advisory services in M&A, restructuring, and capital markets to corporates, governments, and institutional investors. It is particularly known for its strong presence in complex financial restructurings and special situations, having advised on many of the largest corporate bankruptcies and recapitalisations globally. PJT also operates a capital raising platform, Park Hill, which advises alternative asset managers on fundraising and secondary transactions. With a senior-led, conflict-free model, PJT competes with larger banks by offering high-touch, independent advice in critical, high-stakes mandates.",
Trading and Research Summer Internship 2027,Capula Investment Management,capula-investment-management,https://apply.workable.com/capula-investment-management-ltd/j/A15A62A8BE/?utm_source=Trackr&utm_medium=tracker&utm_campaign=HK_Finance_2027,Hong Kong,Trading and Quant,2026-04-30,,Unknown,True,True,False,"Capula Investment Management is a global alternative asset manager specialising in fixed income, macro, and absolute return strategies. Founded in 2005 and headquartered in London, the firm manages capital for institutional investors such as pension funds, endowments, and sovereign wealth funds. Capula’s investment strategies are often focused on interest rate and volatility trading, and it is known for operating with a disciplined, risk-managed approach. The firm also maintains offices in Tokyo, Hong Kong, and New York.",
"Internship, Financial Advisory",Teneo,teneo,https://job-boards.greenhouse.io/teneolinkedin/jobs/7802593003?gh_src=Trackr&utm_source=Trackr&utm_medium=tracker&utm_campaign=Hong_Kong_Finance_2027,Hong Kong,Consulting,2026-07-14,,Unknown,False,True,False,"Teneo is a global CEO advisory firm offering services in strategic communications, corporate governance, management consulting, and financial advisory. Headquartered in New York, the firm works with Fortune 500 companies, governments, and high-profile individuals on reputation management, transaction support, crisis response, and strategic planning. Teneo combines political, financial, and media expertise through its network of former senior executives, diplomats, and consultants. It often advises on boardroom-level issues including shareholder activism, M&A communications, and ESG strategy, positioning itself as a high-touch advisory partner in sensitive and complex situations.",
Quantitative Researcher Internship - 2027,Quantbot Technologies,quantbot-technologies,https://www.quantbot.com/careers/?gh_jid=4348629009&utm_source=Trackr&utm_medium=tracker&utm_campaign=Hong_Kong_Finance_2027&gh_src=Trackr,Hong Kong,Trading and Quant,2026-08-12,,Unknown,False,True,False,"Quantbot Technologies is a quantitative investment firm founded in 2008 that develops fully automated trading strategies using statistical arbitrage, data science, and machine learning. The company operates globally with offices in New York, London, and Hong Kong and focuses on building scalable systems for strategy development, rigorous risk management, and leveraging cloud and large-scale data infrastructure to stay at the cutting edge of quantitative finance.",
Internship 2027,Jane Street,jane-street,https://www.janestreet.com/join-jane-street/open-roles/?type=students-and-new-grads&location=hong-kong&duration=may-august&utm_source=Trackr&utm_medium=tracker&utm_campaign=Hong_Kong_Finance_2027,Hong Kong,Trading and Quant,2026-08-03,,Unknown,False,True,False,"Jane Street is a global proprietary trading firm and liquidity provider known for its expertise in quantitative trading, technology development, and financial engineering. Headquartered in New York with offices in London, Hong Kong, and Amsterdam, the firm trades a wide array of asset classes—including equities, ETFs, options, fixed income, and crypto—across both traditional and electronic markets. Jane Street combines rigorous mathematical research with cutting-edge software development, operating in a highly collaborative, flat organisational structure. It is a major player in ETF market making and provides liquidity to markets around the clock, contributing to efficiency and price discovery. The firm is known for its analytical culture, competitive hiring process, and deep investment in proprietary systems and infrastructure. Jane Street remains privately held and low-profile, but plays an outsized role in global financial markets, particularly in electronic and algorithmic trading.",
2027 Summer Internship Program,BlackRock,blackrock,https://blackrock.tal.net/vx/lang-en-GB/mobile-0/brand-3/user-2489896/xf-9b8e2dccf17f/candidate/so/pm/1/pl/1/opp/11984-2027-Summer-Internship-Program-APAC/en-GB?utm_source=Trackr&utm_medium=tracker&utm_campaign=HK_Finance_2027,Hong Kong,Asset Management,2026-06-15,,Unknown,True,True,False,"BlackRock is the world’s largest asset manager, overseeing trillions in assets across index funds, ETFs, active strategies, and alternatives. Founded in 1988 and headquartered in New York, the firm serves institutional, corporate, and retail investors worldwide. Its product suite includes iShares, the world’s most widely used ETF platform, and Aladdin, its proprietary risk and portfolio management system. BlackRock plays a major role in global capital markets, with influence over long-term investment trends, ESG integration, and financial technology innovation.",
2027 Banking Summer Analyst,Wells Fargo,wells-fargo,https://wd1.myworkdaysite.com/en-US/recruiting/wf/WellsFargoJobs/job/XMLNAME-2027-APAC-Banking-Summer-Analyst---Hong-Kong_R-571608-1?utm_source=Trackr&utm_medium=tracker&utm_campaign=Hong_Kong_Finance_2027,Hong Kong,Middle Market,2026-08-27,2026-10-30,Unknown,False,True,False,"Wells Fargo is one of the largest banks in the United States, offering a full suite of financial services including consumer banking, corporate lending, investment banking, and wealth management. Headquartered in San Francisco, the bank serves millions of retail and commercial customers through its national branch network and digital banking platforms. It has historically been a major player in mortgage lending and small business finance, and continues to evolve through a focus on operational reform, fintech investment, and modernising its customer experience. The firm is rebuilding its brand following regulatory issues, with emphasis on trust, transparency, and inclusion.",
2027 Summer Internship,PIMCO,pimco,https://pimco.wd1.myworkdayjobs.com/en-US/pimco-careers/job/XMLNAME-2027-Summer-Internship---Account-Analyst--APAC_R106818-1?source=Trackr&utm_source=Trackr&utm_medium=tracker&utm_campaign=Hong_Kong_Finance_2027,Hong Kong,Asset Management,2026-08-31,,Unknown,False,True,False,"PIMCO (Pacific Investment Management Company) is one of the world’s leading fixed income investment managers, overseeing over $2 trillion in assets for institutions, governments, and individuals globally. Headquartered in Newport Beach, California, the firm offers a wide range of bond strategies, including core fixed income, credit, emerging markets debt, and alternative income. PIMCO is known for its macroeconomic research, active management style, and risk-controlled portfolios. It also operates in real estate, private credit, and ESG-integrated strategies. A subsidiary of Allianz, PIMCO plays a central role in global bond markets and has a strong presence in both public and private asset classes.",
Quantitative Researcher (Summer Internship),Balyasny Asset Management,balyasny-asset-management,https://bambusdev.my.site.com/s/details?jobReq=Quantitative-Researcher--Summer-Internship-_REQ8057&utm_source=Trackr&utm_medium=tracker&utm_campaign=HK_Finance_2027,Hong Kong,Buy-Side,2026-06-19,,Unknown,False,True,False,"Balyasny Asset Management (BAM) is a global multi-strategy investment firm headquartered in Chicago, with additional offices in New York, London, Hong Kong, and other financial hubs. Founded in 2001, the firm manages capital across a range of public market strategies including equities, macro, credit, and quant. BAM operates through a platform model, working with a network of individual portfolio managers who run their own books under the firm's infrastructure and risk oversight. It’s known for its focus on technology, data-driven insights, and recruiting top talent across investment and research teams.",
"Summer Analyst, 2027",Citi,citi,https://citi.wd5.myworkdayjobs.com/2/jobs?Country_and_Jurisdiction=d4afdeb461d446e4babd204bd102dba8&workerSubType=e32326e1708d0198ff5d26724901a2dd&utm_source=Trackr&utm_medium=tracker&utm_campaign=Hong_Kong_Finance_2027&source=Trackr,Hong Kong,Bulge Bracket,2026-07-10,,Unknown,False,True,False,"Citi (Citigroup Inc.) is a global banking group headquartered in New York, offering a wide range of financial services including consumer banking, corporate lending, wealth management, and investment banking. With operations in over 90 countries, Citi serves governments, corporations, institutions, and individuals worldwide. Its Institutional Clients Group handles global markets, treasury, and advisory services, while its retail banking and cards business is a major player in the US and international consumer finance markets. Citi is also a significant issuer of global bonds and structured finance products.",
Associate Consultant / Intern (2027),Simon-Kucher,simon-kucher,https://simon-kucher.csod.com/ux/ats/careersite/6/home/requisition/1923?c=simon-kucher&lang=en-US&source=Trackr&utm_source=Trackr&utm_medium=tracker&utm_campaign=Hong_Kong_Finance_2027,Hong Kong,Consulting,2026-08-03,,Unknown,False,True,False,"Simon-Kucher is a global management consultancy specialising in pricing, sales, marketing, and growth strategy. Founded in Germany and now operating in over 30 countries, the firm works with clients across B2B, consumer, software, financial services, and healthcare sectors. Simon-Kucher is known for its deep analytical approach to pricing optimisation, revenue model design, and commercial excellence. It helps clients launch new products, restructure pricing, and improve sales effectiveness, often delivering rapid financial impact. The firm maintains a strong academic foundation and is highly regarded for its niche focus and quantitative rigor.",
Intern Quant Researcher,Squarepoint Capital,squarepoint-capital,https://www.squarepoint-capital.com/open-opportunities?lvl=Internship&loc=63648&utm_source=Trackr&utm_medium=tracker&utm_campaign=Hong_Kong_Finance_2027,Hong Kong,Trading and Quant,2026-07-29,,Unknown,False,True,False,"Squarepoint Capital is a global quantitative investment management firm that trades across a range of asset classes using systematic and data-driven strategies. With offices in New York, London, Singapore, and other financial hubs, Squarepoint operates in liquid markets across equities, FX, futures, and options. The firm integrates advanced analytics, proprietary algorithms, and scientific research into its trading and portfolio construction processes. Originally part of Barclays before spinning out in 2014, Squarepoint is known for its rigorous hiring standards, sophisticated technology stack, and focus on risk-adjusted returns across market cycles.",
